Protein family,Layer,Correlation,P value
PF00672,0,0.31301374211319066,0.0
PF00672,1,0.35124467347251875,0.0
PF00672,2,0.3908752569459115,0.0
PF00672,3,0.3750200041247739,0.0
PF00672,4,0.3281632444929607,0.0
PF00672,5,0.2930885617011868,0.0
PF00672,6,0.30817708345298156,0.0
PF00672,7,0.32474970923274143,0.0
PF00672,8,0.33853042516123644,0.0
PF00672,9,0.32023148439475807,0.0
PF00672,10,0.31353033462640745,0.0
PF00672,11,0.29825923226866297,0.0
