Protein family,Layer,Correlation,P value
PF01951,0,0.5889102331695034,0.0
PF01951,1,0.6397153468739277,0.0
PF01951,2,0.7223242544625949,0.0
PF01951,3,0.7082635648120663,0.0
PF01951,4,0.6887770425837784,0.0
PF01951,5,0.6855257087409796,0.0
PF01951,6,0.6995252460652643,0.0
PF01951,7,0.7048296355679133,0.0
PF01951,8,0.7073355396970552,0.0
PF01951,9,0.6878341514669003,0.0
PF01951,10,0.6925826048771778,0.0
PF01951,11,0.6839446091244159,0.0
