Protein family,Layer,Correlation,P value
PF04972,0,0.45723724090413126,0.0
PF04972,1,0.47134223687604876,0.0
PF04972,2,0.49760172301609584,0.0
PF04972,3,0.45562334439143887,0.0
PF04972,4,0.4247546698990434,0.0
PF04972,5,0.44229915913137713,0.0
PF04972,6,0.45535347652825464,0.0
PF04972,7,0.4655981211373829,0.0
PF04972,8,0.47071975571983093,0.0
PF04972,9,0.46109017798461643,0.0
PF04972,10,0.4547705067106852,0.0
PF04972,11,0.4262742378893525,0.0
