Protein family,Layer,Correlation,P value
PF00066,0,0.597822935248007,0.0
PF00066,1,0.6051585821024686,0.0
PF00066,2,0.6166154266482023,0.0
PF00066,3,0.5896254889950218,0.0
PF00066,4,0.5568125877497566,0.0
PF00066,5,0.5252002576503717,0.0
PF00066,6,0.5021342622000629,0.0
PF00066,7,0.4797700479229361,0.0
PF00066,8,0.49356681639963873,0.0
PF00066,9,0.5246595772812719,0.0
PF00066,10,0.5465230926514987,0.0
PF00066,11,0.5856752926666553,0.0
