Protein family,Layer,Correlation,P value
PF10114,0,0.6717490543365645,0.0
PF10114,1,0.7313769388666282,0.0
PF10114,2,0.761507702941553,0.0
PF10114,3,0.6982582401968437,0.0
PF10114,4,0.6660254609112085,0.0
PF10114,5,0.6500098960643984,0.0
PF10114,6,0.6566330680410881,0.0
PF10114,7,0.653770402618497,0.0
PF10114,8,0.6554097530985716,0.0
PF10114,9,0.661045104300196,0.0
PF10114,10,0.667786779046345,0.0
PF10114,11,0.6715399782614919,0.0
