Protein family,Layer,Correlation,P value
PF12872,0,0.6157115175233578,0.0
PF12872,1,0.6409656301483413,0.0
PF12872,2,0.6935101880526495,0.0
PF12872,3,0.7040822821394581,0.0
PF12872,4,0.689963430210417,0.0
PF12872,5,0.6614745237457574,0.0
PF12872,6,0.6396793842540917,0.0
PF12872,7,0.6213085600379658,0.0
PF12872,8,0.6368138161112978,0.0
PF12872,9,0.6536000827380127,0.0
PF12872,10,0.6709863693280746,0.0
PF12872,11,0.6851942380903705,0.0
