Protein family,Layer,Correlation,P value
PF20171,0,0.34601762103122374,0.0
PF20171,1,0.356716761069813,0.0
PF20171,2,0.39466910781991504,0.0
PF20171,3,0.49818027953206695,0.0
PF20171,4,0.4746122128337429,0.0
PF20171,5,0.3814011879887914,0.0
PF20171,6,0.37783121178279,0.0
PF20171,7,0.39992236869262054,0.0
PF20171,8,0.35563635102590613,0.0
PF20171,9,0.3602805660159305,0.0
PF20171,10,0.3556490055209615,0.0
PF20171,11,0.3733438943616747,0.0
