Protein family,Layer,Correlation,P value
PF07498,0,0.545660404851768,0.0
PF07498,1,0.6034324503181445,0.0
PF07498,2,0.6699112542521364,0.0
PF07498,3,0.6685758012039914,0.0
PF07498,4,0.6578633367107599,0.0
PF07498,5,0.6602063143925881,0.0
PF07498,6,0.6602064933451282,0.0
PF07498,7,0.6683060766495191,0.0
PF07498,8,0.6931211920174541,0.0
PF07498,9,0.7231178399938545,0.0
PF07498,10,0.7410215537024435,0.0
PF07498,11,0.7565477298771888,0.0
