Protein family,Layer,Correlation,P value
PF20171,0,0.346261801046978,0.0
PF20171,1,0.35511072926359216,0.0
PF20171,2,0.38656714204912,0.0
PF20171,3,0.46508782461814036,0.0
PF20171,4,0.44409204846634875,0.0
PF20171,5,0.3638239039001725,0.0
PF20171,6,0.36489147036877656,0.0
PF20171,7,0.3869536889678979,0.0
PF20171,8,0.35274840777938604,0.0
PF20171,9,0.3612419805934643,0.0
PF20171,10,0.3575632273032468,0.0
PF20171,11,0.382865670836372,0.0
