Protein family,Layer,Correlation,P value
PF06427,0,0.6699151458251591,0.0
PF06427,1,0.745209739043012,0.0
PF06427,2,0.7619539794248446,0.0
PF06427,3,0.714973314952463,0.0
PF06427,4,0.6982932030074329,0.0
PF06427,5,0.671710920466813,0.0
PF06427,6,0.6577730664486965,0.0
PF06427,7,0.6541819687899505,0.0
PF06427,8,0.6628350062316658,0.0
PF06427,9,0.687823193345104,0.0
PF06427,10,0.7102869325119694,0.0
PF06427,11,0.7357679997283778,0.0
