Protein family,Layer,Correlation,P value
PF07498,0,0.5456992830994225,0.0
PF07498,1,0.6090166685967442,0.0
PF07498,2,0.6864826802085642,0.0
PF07498,3,0.7019453846708077,0.0
PF07498,4,0.7093223793784568,0.0
PF07498,5,0.7225630054162049,0.0
PF07498,6,0.7147776356741319,0.0
PF07498,7,0.7317590007800242,0.0
PF07498,8,0.7484209715827775,0.0
PF07498,9,0.7738788053639807,0.0
PF07498,10,0.7769356707784939,0.0
PF07498,11,0.785619287551316,0.0
