Protein family,Layer,Correlation,P value
PF10114,0,0.6717874481536974,0.0
PF10114,1,0.7280283305119772,0.0
PF10114,2,0.7480682550619397,0.0
PF10114,3,0.6867479984464596,0.0
PF10114,4,0.6717727149704443,0.0
PF10114,5,0.6588215964933283,0.0
PF10114,6,0.6550056652562378,0.0
PF10114,7,0.6529442857383263,0.0
PF10114,8,0.652610999918738,0.0
PF10114,9,0.6753187517294357,0.0
PF10114,10,0.673273341745749,0.0
PF10114,11,0.6644565742334264,0.0
