Protein family,Layer,Correlation,P value
PF12872,0,0.6156428418354,0.0
PF12872,1,0.6354418224130297,0.0
PF12872,2,0.6885341837370977,0.0
PF12872,3,0.700071098808738,0.0
PF12872,4,0.6859573754668608,0.0
PF12872,5,0.6676142176993461,0.0
PF12872,6,0.6630825511701626,0.0
PF12872,7,0.653076922690442,0.0
PF12872,8,0.6661897925174606,0.0
PF12872,9,0.6840462403329121,0.0
PF12872,10,0.7098880341520979,0.0
PF12872,11,0.7046115919504756,0.0
