Protein family,Layer,Correlation,P value
PF20171,0,0.8493025635700255,0.0
PF20171,1,0.8522660007581044,0.0
PF20171,2,0.8351478881756184,0.0
PF20171,3,0.8140733003816042,0.0
PF20171,4,0.8052950754787916,0.0
PF20171,5,0.792738444314794,0.0
PF20171,6,0.7775649570820315,0.0
PF20171,7,0.7645501985104685,0.0
PF20171,8,0.76773531018996,0.0
PF20171,9,0.7685050232346355,0.0
PF20171,10,0.7808949445162959,0.0
PF20171,11,0.7841757624310832,0.0
