Protein family,Layer,Correlation,P value
PF00672,0,0.3120251126891706,0.0
PF00672,1,0.34948872401369896,0.0
PF00672,2,0.38447874068679444,0.0
PF00672,3,0.3700816393039783,0.0
PF00672,4,0.3104383447712149,0.0
PF00672,5,0.28331880827865386,0.0
PF00672,6,0.3022290004831186,0.0
PF00672,7,0.3200734188074744,0.0
PF00672,8,0.3298599026142188,0.0
PF00672,9,0.3115243041066701,0.0
PF00672,10,0.30430652541120456,0.0
PF00672,11,0.2940510263632456,0.0
