Protein family,Layer,Correlation,P value
PF00484,0,0.2818358193968341,0.0
PF00484,1,0.1766299715111296,0.0
PF00484,2,0.21500387920797598,0.0
PF00484,3,0.21783304264975384,0.0
PF00484,4,0.19424395495249627,0.0
PF00484,5,0.20341606461234235,0.0
PF00484,6,0.1638634998140409,0.0
PF00484,7,0.1767234865615533,0.0
PF00484,8,0.17975841153491123,0.0
PF00484,9,0.24402050765018438,0.0
PF00484,10,0.24386749074043113,0.0
PF00484,11,0.27154261589317646,0.0
