Protein family,Layer,Correlation,P value
PF07498,0,0.5468035515062469,0.0
PF07498,1,0.6078076139394443,0.0
PF07498,2,0.6779591906831782,0.0
PF07498,3,0.6887475609208895,0.0
PF07498,4,0.6812780027081,0.0
PF07498,5,0.6721816292749744,0.0
PF07498,6,0.6630659947970335,0.0
PF07498,7,0.6694039500968896,0.0
PF07498,8,0.689676139257062,0.0
PF07498,9,0.726278199876268,0.0
PF07498,10,0.7446808698545837,0.0
PF07498,11,0.751862481306104,0.0
