Protein family,Layer,Correlation,P value
PF00066,0,0.5967657669800907,0.0
PF00066,1,0.6083775689672046,0.0
PF00066,2,0.6209290779230605,0.0
PF00066,3,0.5771056012099304,0.0
PF00066,4,0.5354577807209011,0.0
PF00066,5,0.49577131027972043,0.0
PF00066,6,0.47157985640854677,0.0
PF00066,7,0.4627157602264638,0.0
PF00066,8,0.4829705588887857,0.0
PF00066,9,0.5131422463231794,0.0
PF00066,10,0.5482245438154808,0.0
PF00066,11,0.5902540782973371,0.0
