Protein family,Layer,Correlation,P value
PF03147,0,0.48513415523130815,0.0
PF03147,1,0.5734506733178534,0.0
PF03147,2,0.6641560310584536,0.0
PF03147,3,0.6698235021035921,0.0
PF03147,4,0.6804712495876329,0.0
PF03147,5,0.6610825790084996,0.0
PF03147,6,0.6570888402483429,0.0
PF03147,7,0.670189892874878,0.0
PF03147,8,0.6890853298235449,0.0
PF03147,9,0.6989740103708623,0.0
PF03147,10,0.7064766212416885,0.0
PF03147,11,0.7280863648142881,0.0
