Protein family,Layer,Correlation,P value
PF10576,0,0.2988248742623294,0.0
PF10576,1,0.34918276312956026,0.0
PF10576,2,0.3312367927722967,0.0
PF10576,3,0.34183975715435727,0.0
PF10576,4,0.3707130967289126,0.0
PF10576,5,0.3725631797732245,0.0
PF10576,6,0.3678938522665265,0.0
PF10576,7,0.35958450529575675,0.0
PF10576,8,0.34836959074287593,0.0
PF10576,9,0.36386615861532784,0.0
PF10576,10,0.3763640992421677,0.0
PF10576,11,0.3798286747181008,0.0
