Protein family,Layer,Correlation,P value
PF03147,0,0.48463239091149135,0.0
PF03147,1,0.5758437731092718,0.0
PF03147,2,0.6533330882919347,0.0
PF03147,3,0.6623852932256657,0.0
PF03147,4,0.6745117582042242,0.0
PF03147,5,0.6516115123507287,0.0
PF03147,6,0.6460583800731413,0.0
PF03147,7,0.6574538275296097,0.0
PF03147,8,0.6709791330630103,0.0
PF03147,9,0.6781931056515716,0.0
PF03147,10,0.6957848226849309,0.0
PF03147,11,0.7239135121142949,0.0
