Protein family,Layer,Correlation,P value
PF10576,0,0.2998500072934422,0.0
PF10576,1,0.355684047617018,0.0
PF10576,2,0.33314477826510636,0.0
PF10576,3,0.32748300203594843,0.0
PF10576,4,0.3393985479075265,0.0
PF10576,5,0.3429349402139608,0.0
PF10576,6,0.35578887448322705,0.0
PF10576,7,0.3597865995362294,0.0
PF10576,8,0.36239979261169575,0.0
PF10576,9,0.3763905818022459,0.0
PF10576,10,0.3852776304030195,0.0
PF10576,11,0.39639061374873685,0.0
