Protein family,Layer,Correlation,P value
PF12872,0,0.6158849158212047,0.0
PF12872,1,0.6391453489366965,0.0
PF12872,2,0.6891702179823211,0.0
PF12872,3,0.6946640132641424,0.0
PF12872,4,0.6859010041753077,0.0
PF12872,5,0.663257366578341,0.0
PF12872,6,0.6423650631309702,0.0
PF12872,7,0.6335379516510308,0.0
PF12872,8,0.6507501508668866,0.0
PF12872,9,0.6591326489282519,0.0
PF12872,10,0.6736039866715047,0.0
PF12872,11,0.6943403527012961,0.0
