Protein family,Layer,Correlation,P value
PF12172,0,0.5064783770770074,0.0
PF12172,1,0.5461167035730885,0.0
PF12172,2,0.5989394738017867,0.0
PF12172,3,0.6014677338234905,0.0
PF12172,4,0.594655501084085,0.0
PF12172,5,0.5799391260205973,0.0
PF12172,6,0.5957618501909271,0.0
PF12172,7,0.5964675599558008,0.0
PF12172,8,0.5935421802811265,0.0
PF12172,9,0.5735000840854046,0.0
PF12172,10,0.5542645277500282,0.0
PF12172,11,0.5559856598343648,0.0
