Protein family,Layer,Correlation,P value
PF20171,0,0.34862816305103383,0.0
PF20171,1,0.3592753911159877,0.0
PF20171,2,0.4011549934466323,0.0
PF20171,3,0.4885960902637898,0.0
PF20171,4,0.46371210894736437,0.0
PF20171,5,0.3986801840937078,0.0
PF20171,6,0.3676895680671768,0.0
PF20171,7,0.3846764517968615,0.0
PF20171,8,0.3414356361766657,0.0
PF20171,9,0.36029223469875354,0.0
PF20171,10,0.3560665228664839,0.0
PF20171,11,0.38303887647524093,0.0
