Protein family,Layer,Correlation,P value
PF00066,0,0.5974324076697,0.0
PF00066,1,0.6045363919110296,0.0
PF00066,2,0.6158775960093619,0.0
PF00066,3,0.5871124273993931,0.0
PF00066,4,0.5589570332069154,0.0
PF00066,5,0.5226927525029212,0.0
PF00066,6,0.49358838436273444,0.0
PF00066,7,0.4746976220849691,0.0
PF00066,8,0.4852660708241581,0.0
PF00066,9,0.5047585204157116,0.0
PF00066,10,0.5304494984815472,0.0
PF00066,11,0.5826873760418392,0.0
