Protein family,Layer,Correlation,P value
PF00484,0,0.5270301755441766,0.0
PF00484,1,0.5982432602464156,0.0
PF00484,2,0.6332826716562558,0.0
PF00484,3,0.6073766519768069,0.0
PF00484,4,0.5208578978724535,0.0
PF00484,5,0.49154982888188625,0.0
PF00484,6,0.4876131829455624,0.0
PF00484,7,0.49653320813857443,0.0
PF00484,8,0.528101729270603,0.0
PF00484,9,0.5226865231206226,0.0
PF00484,10,0.576611199762188,0.0
PF00484,11,0.6200731935117851,0.0
