Protein family,Layer,Correlation,P value
PF03463,0,0.5425632682189343,0.0
PF03463,1,0.696452017968519,0.0
PF03463,2,0.7402651041478733,0.0
PF03463,3,0.665651417629863,0.0
PF03463,4,0.643728691174179,0.0
PF03463,5,0.566789891090702,0.0
PF03463,6,0.532131610564503,0.0
PF03463,7,0.5417812535295452,0.0
PF03463,8,0.5914876649801172,0.0
PF03463,9,0.664780780043537,0.0
PF03463,10,0.47596562914008506,0.0
PF03463,11,0.5752397761664185,0.0
