Protein family,Layer,Correlation,P value
PF07498,0,0.5466140799304958,0.0
PF07498,1,0.6097342236173396,0.0
PF07498,2,0.6745116772977421,0.0
PF07498,3,0.6822209285783252,0.0
PF07498,4,0.6729587838412173,0.0
PF07498,5,0.680786810349268,0.0
PF07498,6,0.6740438041708952,0.0
PF07498,7,0.6807333846474565,0.0
PF07498,8,0.7006890941257692,0.0
PF07498,9,0.7318437023769536,0.0
PF07498,10,0.7514544661625572,0.0
PF07498,11,0.7675238294454078,0.0
