Protein family,Layer,Correlation,P value
PF20171,0,0.8490770777652598,0.0
PF20171,1,0.852396243828748,0.0
PF20171,2,0.8268456131479848,0.0
PF20171,3,0.8130529203523137,0.0
PF20171,4,0.8010030319438782,0.0
PF20171,5,0.7876507688550317,0.0
PF20171,6,0.7781109241327239,0.0
PF20171,7,0.7629347747622032,0.0
PF20171,8,0.7639423735507076,0.0
PF20171,9,0.7611923310507139,0.0
PF20171,10,0.7720716766765727,0.0
PF20171,11,0.7787078627521404,0.0
