Protein family,Layer,Correlation,P value
PF00168,0,0.3092827775600064,0.0
PF00168,1,0.39671258933278936,0.0
PF00168,2,0.41370429772510664,0.0
PF00168,3,0.3554029151971431,0.0
PF00168,4,0.3077468916901337,0.0
PF00168,5,0.31640462115430407,0.0
PF00168,6,0.33062303815999844,0.0
PF00168,7,0.3251826497738043,0.0
PF00168,8,0.32571884489001424,0.0
PF00168,9,0.29704431827655214,0.0
PF00168,10,0.25057045811935097,0.0
PF00168,11,0.22224884195850986,0.0
