Protein family,Layer,Correlation,P value
PF00484,0,0.285644690227916,0.0
PF00484,1,0.17750726303148698,0.0
PF00484,2,0.2177999057624297,0.0
PF00484,3,0.2373804760015133,0.0
PF00484,4,0.20343153113936754,0.0
PF00484,5,0.20950088417070087,0.0
PF00484,6,0.16171838958825635,0.0
PF00484,7,0.1536771605997619,0.0
PF00484,8,0.16157884434166353,0.0
PF00484,9,0.23299990273168003,0.0
PF00484,10,0.23498911682792162,0.0
PF00484,11,0.27360336025544885,0.0
