Protein family,Layer,Correlation,P value
PF00672,0,0.31266844804338906,0.0
PF00672,1,0.35070312758890126,0.0
PF00672,2,0.3924349505892399,0.0
PF00672,3,0.3791752597160809,0.0
PF00672,4,0.3236415746071151,0.0
PF00672,5,0.29082354218442397,0.0
PF00672,6,0.3153795716448229,0.0
PF00672,7,0.33359374940906156,0.0
PF00672,8,0.34576136311247213,0.0
PF00672,9,0.33450910918339866,0.0
PF00672,10,0.33599599917843126,0.0
PF00672,11,0.3352373336728725,0.0
