Protein family,Layer,Correlation,P value
PF03147,0,0.48409453124704754,0.0
PF03147,1,0.5732726321880923,0.0
PF03147,2,0.6507935346169709,0.0
PF03147,3,0.6605260777545633,0.0
PF03147,4,0.6760127889153498,0.0
PF03147,5,0.6575360693820245,0.0
PF03147,6,0.6515201271845689,0.0
PF03147,7,0.6614933367421041,0.0
PF03147,8,0.6750657918319372,0.0
PF03147,9,0.6837544282851251,0.0
PF03147,10,0.691276554837224,0.0
PF03147,11,0.7085030601532409,0.0
