Protein family,Layer,Correlation,P value
PF06427,0,0.6699908482747226,0.0
PF06427,1,0.7436477902829963,0.0
PF06427,2,0.7577088547669443,0.0
PF06427,3,0.7140252210603316,0.0
PF06427,4,0.6841338097297663,0.0
PF06427,5,0.6580445675177429,0.0
PF06427,6,0.6486591453024636,0.0
PF06427,7,0.6393355569200018,0.0
PF06427,8,0.6435805140151243,0.0
PF06427,9,0.6655026748098714,0.0
PF06427,10,0.6962337517081308,0.0
PF06427,11,0.7380330002475134,0.0
