Protein family,Layer,Correlation,P value
PF07677,0,0.4305573940008337,0.0
PF07677,1,0.449793656580146,0.0
PF07677,2,0.503619421973547,0.0
PF07677,3,0.49115847045272887,0.0
PF07677,4,0.4948784045491036,0.0
PF07677,5,0.4751268772372786,0.0
PF07677,6,0.45572770616619535,0.0
PF07677,7,0.43115404608513885,0.0
PF07677,8,0.421483890871003,0.0
PF07677,9,0.4398790547510124,0.0
PF07677,10,0.469764679218831,0.0
PF07677,11,0.5132696852780679,0.0
