Protein family,Layer,Correlation,P value
PF10114,0,0.6719706911389778,0.0
PF10114,1,0.7350281602913179,0.0
PF10114,2,0.7633631312151385,0.0
PF10114,3,0.7005179979776287,0.0
PF10114,4,0.6648152963857733,0.0
PF10114,5,0.6478784097501203,0.0
PF10114,6,0.6510609598538855,0.0
PF10114,7,0.6462230576775532,0.0
PF10114,8,0.6561257758364579,0.0
PF10114,9,0.6663650687926145,0.0
PF10114,10,0.6745094223269583,0.0
PF10114,11,0.6734330218838601,0.0
