Protein family,Layer,Correlation,P value
PF12172,0,0.5071430499511417,0.0
PF12172,1,0.5471094976922822,0.0
PF12172,2,0.5921197901900284,0.0
PF12172,3,0.5899454045811765,0.0
PF12172,4,0.5809483379760234,0.0
PF12172,5,0.5613605737199776,0.0
PF12172,6,0.5717026184943172,0.0
PF12172,7,0.576565141012977,0.0
PF12172,8,0.5745103939224318,0.0
PF12172,9,0.5628219992086222,0.0
PF12172,10,0.5519461964509383,0.0
PF12172,11,0.5630205177266207,0.0
