Protein family,Layer,Correlation,P value
PF20171,0,0.8491152396127912,0.0
PF20171,1,0.8502133878621305,0.0
PF20171,2,0.8238531798671493,0.0
PF20171,3,0.8058422388716879,0.0
PF20171,4,0.791378493563588,0.0
PF20171,5,0.7801056813571502,0.0
PF20171,6,0.7717200102543779,0.0
PF20171,7,0.7573797140691915,0.0
PF20171,8,0.7599779276445554,0.0
PF20171,9,0.7650729271188402,0.0
PF20171,10,0.7739016259879697,0.0
PF20171,11,0.7811774311454908,0.0
