Protein family,Layer,Correlation,P value
PF00699,0,0.434430528804064,0.0
PF00699,1,0.547203184332655,0.0
PF00699,2,0.6603924516967291,0.0
PF00699,3,0.6849348828083591,0.0
PF00699,4,0.6609586542137732,0.0
PF00699,5,0.6304147120767345,0.0
PF00699,6,0.6189898350382296,0.0
PF00699,7,0.6206125073376861,0.0
PF00699,8,0.6303994834088522,0.0
PF00699,9,0.6596554577542313,0.0
PF00699,10,0.6812280606556583,0.0
PF00699,11,0.7229973120621482,0.0
