Protein family,Layer,Correlation,P value
PF00168,0,0.30940178843767024,0.0
PF00168,1,0.3962799232805072,0.0
PF00168,2,0.4147118818655603,0.0
PF00168,3,0.34551430447978604,0.0
PF00168,4,0.30229411418592583,0.0
PF00168,5,0.30064581395622825,0.0
PF00168,6,0.3241942388152871,0.0
PF00168,7,0.3227987606539641,0.0
PF00168,8,0.3152602343885995,0.0
PF00168,9,0.2823810691139808,0.0
PF00168,10,0.2465101080813605,0.0
PF00168,11,0.22302270433344715,0.0
