Protein family,Layer,Correlation,P value
PF03463,0,0.5412783817927477,0.0
PF03463,1,0.7037825142838083,0.0
PF03463,2,0.7290081998271047,0.0
PF03463,3,0.6497832389108803,0.0
PF03463,4,0.612785541706634,0.0
PF03463,5,0.5500733626396529,0.0
PF03463,6,0.5142350735803854,0.0
PF03463,7,0.5214273057054872,0.0
PF03463,8,0.5685727590007152,0.0
PF03463,9,0.6305740201099344,0.0
PF03463,10,0.5946351258765887,0.0
PF03463,11,0.6820348801376731,0.0
