Protein family,Layer,Correlation,P value
PF03147,0,0.48480514507258304,0.0
PF03147,1,0.5773930073319383,0.0
PF03147,2,0.6559066027150393,0.0
PF03147,3,0.660973404287406,0.0
PF03147,4,0.6688254793164429,0.0
PF03147,5,0.6492525834437697,0.0
PF03147,6,0.6403676434646121,0.0
PF03147,7,0.6529482496570448,0.0
PF03147,8,0.6646465006530626,0.0
PF03147,9,0.6754368507606294,0.0
PF03147,10,0.6931725020587377,0.0
PF03147,11,0.7165836493752109,0.0
