Protein family,Layer,Correlation,P value
PF04972,0,0.4580447845608891,0.0
PF04972,1,0.4710870440832029,0.0
PF04972,2,0.4884305775269385,0.0
PF04972,3,0.44130337079448523,0.0
PF04972,4,0.40723128733207126,0.0
PF04972,5,0.4172969249371732,0.0
PF04972,6,0.4462142131168853,0.0
PF04972,7,0.4684522412154425,0.0
PF04972,8,0.4737130485678726,0.0
PF04972,9,0.4604007333994308,0.0
PF04972,10,0.45669530253310864,0.0
PF04972,11,0.4226110583415685,0.0
