Protein family,Layer,Correlation,P value
PF06427,0,0.6695218553880846,0.0
PF06427,1,0.7458365383468596,0.0
PF06427,2,0.7557800039741764,0.0
PF06427,3,0.7071353439250138,0.0
PF06427,4,0.6746251931523664,0.0
PF06427,5,0.650713548699907,0.0
PF06427,6,0.6409406215942678,0.0
PF06427,7,0.6340479895729428,0.0
PF06427,8,0.6375122710282061,0.0
PF06427,9,0.6584532192661032,0.0
PF06427,10,0.6860738009183325,0.0
PF06427,11,0.7290336400974565,0.0
