Protein family,Layer,Correlation,P value
PF07677,0,0.4308292923628222,0.0
PF07677,1,0.4541711269840261,0.0
PF07677,2,0.5125209758702295,0.0
PF07677,3,0.5008195431579398,0.0
PF07677,4,0.5015725166951308,0.0
PF07677,5,0.4820928068552516,0.0
PF07677,6,0.4562052701917943,0.0
PF07677,7,0.4297894813538118,0.0
PF07677,8,0.42219034713612996,0.0
PF07677,9,0.4538922652224997,0.0
PF07677,10,0.483440283035143,0.0
PF07677,11,0.5300159362228077,0.0
