Protein family,Layer,Correlation,P value
PF20171,0,0.8491995920747561,0.0
PF20171,1,0.8505074271664601,0.0
PF20171,2,0.8250079933681213,0.0
PF20171,3,0.8090559868008922,0.0
PF20171,4,0.7951407290504857,0.0
PF20171,5,0.7841163182211153,0.0
PF20171,6,0.7767372072674535,0.0
PF20171,7,0.7606379619250345,0.0
PF20171,8,0.7621445830982493,0.0
PF20171,9,0.7624816593835654,0.0
PF20171,10,0.7691478809180953,0.0
PF20171,11,0.7774060878414654,0.0
