Protein family,Layer,Correlation,P value
PF00484,0,0.2815852699939163,0.0
PF00484,1,0.17536178630219512,0.0
PF00484,2,0.22002724408646457,0.0
PF00484,3,0.24368484291132703,0.0
PF00484,4,0.21770295139747944,0.0
PF00484,5,0.21782866420191607,0.0
PF00484,6,0.17988863962046678,0.0
PF00484,7,0.17915053788558877,0.0
PF00484,8,0.18459642688010358,0.0
PF00484,9,0.2561764899290935,0.0
PF00484,10,0.2518410139959511,0.0
PF00484,11,0.2849114377873267,0.0
