Protein family,Layer,Correlation,P value
PF00484,0,0.5272970596774224,0.0
PF00484,1,0.6000775596196735,0.0
PF00484,2,0.6381312440736857,0.0
PF00484,3,0.6183918915719667,0.0
PF00484,4,0.5544608791917622,0.0
PF00484,5,0.5265176141977934,0.0
PF00484,6,0.5025661790528445,0.0
PF00484,7,0.5017792864362581,0.0
PF00484,8,0.527499256666998,0.0
PF00484,9,0.5471074564965449,0.0
PF00484,10,0.5590726891613014,0.0
PF00484,11,0.606630368138559,0.0
