Protein family,Layer,Correlation,P value
PF00672,0,0.3125343595874496,0.0
PF00672,1,0.3488274169430423,0.0
PF00672,2,0.38448910887867704,0.0
PF00672,3,0.36749142239403954,0.0
PF00672,4,0.3075088698285046,0.0
PF00672,5,0.2767589026707515,0.0
PF00672,6,0.29770962615410745,0.0
PF00672,7,0.31385868523821087,0.0
PF00672,8,0.3245762648118918,0.0
PF00672,9,0.3094899166759963,0.0
PF00672,10,0.3011098575966982,0.0
PF00672,11,0.2917906777308876,0.0
