Protein family,Layer,Correlation,P value
PF03147,0,0.4847499746249831,0.0
PF03147,1,0.574282461091377,0.0
PF03147,2,0.6529135603478388,0.0
PF03147,3,0.6527855119023123,0.0
PF03147,4,0.6567253976218643,0.0
PF03147,5,0.6364921211472947,0.0
PF03147,6,0.6340504489221369,0.0
PF03147,7,0.6517669380220175,0.0
PF03147,8,0.6695483662111554,0.0
PF03147,9,0.6860892948957981,0.0
PF03147,10,0.6957437622727647,0.0
PF03147,11,0.718322847650459,0.0
