Protein family,Layer,Correlation,P value
PF03463,0,0.542344248308787,0.0
PF03463,1,0.7029662525181928,0.0
PF03463,2,0.739989399923619,0.0
PF03463,3,0.6525054336516292,0.0
PF03463,4,0.6161225832188552,0.0
PF03463,5,0.5520371573564671,0.0
PF03463,6,0.5229119521768663,0.0
PF03463,7,0.532232947281896,0.0
PF03463,8,0.5765242652674917,0.0
PF03463,9,0.6431944909411743,0.0
PF03463,10,0.6477821751937806,0.0
PF03463,11,0.7096247822757655,0.0
