Protein family,Layer,Correlation,P value
PF04972,0,0.4575640545563376,0.0
PF04972,1,0.4744496087259312,0.0
PF04972,2,0.49534478558996836,0.0
PF04972,3,0.4611860797800895,0.0
PF04972,4,0.42864827462729205,0.0
PF04972,5,0.4360539887996358,0.0
PF04972,6,0.450869962532922,0.0
PF04972,7,0.468493996677401,0.0
PF04972,8,0.47195428124191435,0.0
PF04972,9,0.45718401393685637,0.0
PF04972,10,0.4513712953283404,0.0
PF04972,11,0.4209693111406339,0.0
