Protein family,Layer,Correlation,P value
PF06427,0,0.6691484184191505,0.0
PF06427,1,0.7466231126686925,0.0
PF06427,2,0.7593488856534293,0.0
PF06427,3,0.7177408111067244,0.0
PF06427,4,0.6846087181968491,0.0
PF06427,5,0.6586453166701627,0.0
PF06427,6,0.6499535180493102,0.0
PF06427,7,0.6458242542376325,0.0
PF06427,8,0.6489651162792068,0.0
PF06427,9,0.6640776016324648,0.0
PF06427,10,0.6911980770069904,0.0
PF06427,11,0.7325569256346756,0.0
