Protein family,Layer,Correlation,P value
PF07677,0,0.4308603678782759,0.0
PF07677,1,0.44927279043136936,0.0
PF07677,2,0.5048053013350106,0.0
PF07677,3,0.4925105226626132,0.0
PF07677,4,0.4993697162173572,0.0
PF07677,5,0.47020113318487033,0.0
PF07677,6,0.45586392434548795,0.0
PF07677,7,0.43465002204679143,0.0
PF07677,8,0.4295587076733152,0.0
PF07677,9,0.45227277998766785,0.0
PF07677,10,0.47690210364699,0.0
PF07677,11,0.5276884982658818,0.0
