Protein family,Layer,Correlation,P value
PF04972,0,0.4577960427741189,0.0
PF04972,1,0.4685520435287738,0.0
PF04972,2,0.49288244230265393,0.0
PF04972,3,0.45017263879651553,0.0
PF04972,4,0.4245972819135024,0.0
PF04972,5,0.45347885103406965,0.0
PF04972,6,0.46995645227228083,0.0
PF04972,7,0.4734767886335277,0.0
PF04972,8,0.47802439860923746,0.0
PF04972,9,0.465729667075219,0.0
PF04972,10,0.45984051361884215,0.0
PF04972,11,0.42659659851339077,0.0
