Protein family,Layer,Correlation,P value
PF10576,0,0.29953675190224655,0.0
PF10576,1,0.34405361219848146,0.0
PF10576,2,0.3200899142663432,0.0
PF10576,3,0.3333665277578695,0.0
PF10576,4,0.38144346505608057,0.0
PF10576,5,0.3719671323418023,0.0
PF10576,6,0.36456695184133003,0.0
PF10576,7,0.36419644831224174,0.0
PF10576,8,0.3495016691369976,0.0
PF10576,9,0.3687576503491147,0.0
PF10576,10,0.380459338352753,0.0
PF10576,11,0.38451131660088195,0.0
