Protein family,Layer,Correlation,P value
PF10114,0,0.6716959058104566,0.0
PF10114,1,0.7333169352061639,0.0
PF10114,2,0.7543318614476986,0.0
PF10114,3,0.6880605881245861,0.0
PF10114,4,0.6508453837378627,0.0
PF10114,5,0.6387244984053817,0.0
PF10114,6,0.6501618036960288,0.0
PF10114,7,0.6460009718540451,0.0
PF10114,8,0.6513124228234789,0.0
PF10114,9,0.6540026922968876,0.0
PF10114,10,0.6560880137699914,0.0
PF10114,11,0.6633317314873568,0.0
